MAKE IT BETTER	67/0	143/0	188/0	212/0	-	130/0	181/0	220/0	-
PARANOiA	138/0	264/0	275/0	319/0	-	254/0	309/0	382/0	-
TRIP MACHINE	106/0	191/0	211/0	230/0	-	201/0	215/0	264/0	-
AM-3P	74/0	164/0	195/0	244/0	-	166/0	194/0	240/0	-
BRILLIANT 2U	95/0	162/0	176/0	225/0	264/0	165/0	180/0	227/0	229/8
BRILLIANT 2U(Orchestra Groove)	100/0	166/0	187/0	226/0	309/0	171/0	187/0	236/0	324/0
e-motion	54/0	99/0	122/0	133/0	-	110/0	136/0	154/17	-
GENOM SCREAMS	84/0	169/0	205/0	238/0	-	195/0	225/0	272/7	-
KEEP ON MOVIN'	51/0	110/0	140/0	183/0	-	113/0	162/0	164/0	-
MAKE IT BETTER (So-REAL Mix)	90/0	159/0	191/0	208/0	237/10(29)	135/0	185/0	237/0	192/22(29)
PARANOiA KCET ～clean mix～	124/0	262/0	278/0	351/0	499/12	261/0	289/0	351/0	424/6
PARANOiA MAX～DIRTY MIX～	142/0	268/0	288/0	340/0	-	274/0	311/0	363/0	-
PUT YOUR FAITH IN ME	70/0	128/0	145/0	203/0	-	135/0	147/0	170/0	-
PUT YOUR FAITH IN ME (Jazzy Groove)	67/0	149/0	167/0	208/0	230/12	149/0	180/0	197/0	234/7
SP-TRIP MACHINE～JUNGLE MIX～	79/0	194/0	217/0	245/0	-	198/0	227/0	250/0	-
AFRONOVA	108/0	214/0	244/0	370/0	-	233/0	245/0	357/0	-
AFTER THE GAME OF LOVE	41/0	72/0	168/0	207/0	-	114/0	167/0	207/0	-
CUTIE CHASER	82/0	148/0	185/0	256/0	-	148/0	186/0	254/0	-
DEAD END	115/0	216/0	337/0	410/0	-	274/0	298/0	455/0	-
DROP THE BOMB	122/0	199/0	238/0	304/0	-	199/0	237/0	299/0	-
DYNAMITE RAVE	110/0	188/0	269/0	398/0	362/6	217/0	250/0	331/0	327/0
GRADIUSIC CYBER ～AMD G5 MIX～	98/0	265/0	310/0	370/0	-	266/0	308/0	368/0	-
La Señorita	125/0	241/0	255/0	294/0	-	181/0	293/0	420/0	-
La Señorita Virtual	121/0	270/0	334/0	359/0	-	240/0	298/0	358/0	-
LOVE THIS FEELIN'	76/0	210/0	225/0	242/0	-	214/0	227/0	241/0	-
PARANOiA Rebirth	117/0	280/0	322/0	433/0	-	281/0	321/0	423/0	-
Silent Hill	85/0	117/0	202/0	265/0	-	165/0	206/0	268/0	-
think ya better D	84/0	148/0	177/0	237/0	-	172/0	194/0	274/0	-
TRIP MACHINE～luv mix～	97/0	209/0	251/0	293/0	-	209/0	251/0	303/0	-
B4U	104/0	188/0	238/0	325/0	-	191/0	225/0	301/0	-
BABY BABY GIMME YOUR LOVE	52/0	62/0	110/0	163/0	-	80/0	107/0	176/0	-
BURNIN' THE FLOOR	114/0	177/0	244/0	309/0	-	189/0	238/0	296/0	-
CAN'T STOP FALLIN' IN LOVE	93/0	160/0	235/0	328/0	-	182/0	224/0	299/0	-
CELEBRATE NITE	92/0	171/0	198/0	277/0	-	178/0	208/0	238/0	-
Don't Stop!～AMD 2nd MIX～	92/0	156/0	189/0	214/0	-	113/0	174/0	221/0	-
DROP OUT	110/0	200/0	296/0	397/0	-	175/0	296/0	378/0	-
era (nostalmix)	89/0	125/0	235/0	356/0	-	142/0	217/0	331/0	-
HIGHER	106/0	140/0	214/0	246/0	-	159/0	230/0	279/0	-
Holic	103/0	189/0	228/0	313/0	-	198/0	232/0	336/0	-
HYSTERIA	119/0	224/0	251/0	303/0	-	158/0	279/0	286/0	-
LEADING CYBER	94/0	193/0	258/0	359/0	-	185/0	258/0	357/0	-
LOVE AGAIN TONIGHT～For Melissa Mix～	122/0	191/0	234/0	306/0	-	180/0	235/0	281/0	-
MY SUMMER LOVE	65/0	117/0	189/0	260/0	-	119/0	186/0	244/0	-
ORION.78(AMeuro-MIX)	60/0	101/0	170/0	320/0	-	113/0	184/0	261/0	-
PARANOIA EVOLUTION	144/0	278/0	287/0	375/0	-	224/0	274/0	320/0	-
SEXY PLANET	75/0	201/0	221/0	262/0	-	175/0	207/0	236/0	-
SUPER STAR	84/0	195/0	229/0	289/0	-	157/0	195/0	262/0	-
TRIP MACHINE CLIMAX	114/0	195/0	275/0	342/0	-	211/0	273/0	338/0	-
WILD RUSH	112/0	153/0	192/0	247/0	-	184/0	240/0	242/0	-
.59	90/0	157/0	234/0	275/0	-	173/0	226/0	281/0	-
サナ・モレッテ・ネ・エンテ	73/0	128/0	190/0	294/0	-	128/0	225/0	269/0	-
ABSOLUTE	123/0	142/0	252/0	311/0	-	135/0	215/0	303/0	-
Abyss	117/0	168/0	234/0	309/0	-	171/0	233/0	309/0	-
AFRONOVA PRIMEVAL	158/0	272/0	322/0	423/0	-	287/0	332/0	437/0	-
BROKEN MY HEART	123/0	215/0	267/0	360/0	-	217/0	273/0	353/0	-
CAN'T STOP FALLIN' IN LOVE ～SPEED MIX～	133/0	238/0	321/0	443/0	-	241/0	323/0	432/0	-
DXY!	108/0	157/0	269/0	355/0	-	205/0	277/0	334/0	-
ECSTASY	119/0	169/0	235/0	276/0	-	183/0	235/0	296/0	-
Electro Tuned ( the SubS Mix )	101/0	179/0	268/0	349/0	-	168/0	248/0	305/0	-
Healing Vision	107/0	128/0	272/0	353/0	-	136/0	275/0	358/0	-
INSERTiON	104/0	187/0	263/0	374/0	-	181/0	256/0	316/0	-
PARANOiA ETERNAL	115/0	237/0	300/2	381/5	-	261/0	309/8	373/8	-
STILL IN MY HEART	117/0	180/0	255/0	290/0	-	169/0	230/0	276/0	-
CANDY☆	89/0	170/0	236/16	327/29	-	198/0	207/27	325/8	-
exotic ethnic	122/0	169/13	229/37	431/21	-	176/9	258/13	265/109	-
Healing Vision ～Angelic mix～	153/0	273/0	377/0	479/0	-	272/0	377/0	471/0	-
Let the beat hit em!(CLASSIC R&B STYLE)	65/0	133/0	172/0	192/0	-	134/0	172/0	190/0	-
MAX 300	85/0	264/2	373/35	555/2	-	263/8	347/5	485/2	-
ORION.78～civilization mix～	69/0	232/0	313/0	398/0	-	232/0	277/0	383/0	-
革命	103/0	128/32	237/15	371/7	317/7	109/34	193/26	365/2	305/2
AFRONOVA(FROM NONSTOP MEGAMIX)	-	-	-	-	355/9	-	-	-	355/5
AM-3P(AM EAST mix)	-	-	-	-	289/3	-	-	-	289/3
B4U(B4 ZA BEAT MIX)	-	-	-	-	243/8	-	-	-	226/8
BRE∀K DOWN!	103/0	144/7	279/14	403/5	-	152/9	276/13	418/1	-
BRILLIANT 2U(K.O.G G3 MIX)	-	-	-	-	267/2	-	-	-	263/2
BURNIN' THE FLOOR(BLUE FIRE mix)	-	-	-	-	277/3	-	-	-	263/3
BURNING HEAT!(3 Option MIX)	96/0	116/12	200/29	413/5	-	109/23	200/22	314/1	-
CANDY♡	139/0	126/4	230/16	317/20	-	127/12	211/27	287/8	-
CELEBRATE NITE(EURO TRANCE STYLE)	-	-	-	-	288/2	-	-	-	288/2
D2R	124/0	147/5	236/29	327/7	-	138/4	238/10	332/0	-
DESTINY	115/0	116/0	239/16	332/8	-	147/5	268/2	336/4	-
DIVE TO THE NIGHT	114/0	144/4	253/4	341/1	-	139/3	258/3	341/2	-
DROP OUT(FROM NONSTOP MEGAMIX)	-	-	-	-	281/4	-	-	-	277/4
ECSTASY (midnight blue mix)	-	-	-	-	262/6	-	-	-	229/16
HIGHER(next morning mix)	-	-	-	-	284/3	-	-	-	270/6
HYSTERIA 2001	-	-	-	-	279/21	-	-	-	269/22
i feel ...	92/0	132/4	202/30	331/2	-	84/20	196/6	329/3	-
MAXX UNLIMITED	94/0	222/49	333/62	555/56	-	150/69	300/55	500/23	-
MY SUMMER LOVE(TOMMY'S SMILE MIX)	-	-	-	-	295/11	-	-	-	283/5
rain of sorrow	72/0	77/14	210/62	315/4	-	100/7	210/9	255/64	-
Secret Rendez-vous	71/0	94/1	146/3	237/12	-	101/1	148/2	256/8	-
SEXY PLANET(FROM NONSTOP MEGAMIX)	-	-	-	-	291/9	-	-	-	243/11
Silent Hill (3rd christmas mix)	-	-	-	-	232/50	-	-	-	234/48
STILL IN MY HEART(MOMO MIX)	-	-	-	-	357/2	-	-	-	357/2
SUPER STAR(FROM NONSTOP MEGAMIX)	-	-	-	-	282/8	-	-	-	281/8
Sweet Sweet ♡ Magic	128/0	139/2	276/19	372/33	-	131/3	235/2	330/3	-
TSUGARU	92/0	107/18	232/8	366/8	-	158/4	236/5	360/3	-
TSUGARU (APPLE MIX)	-	-	-	-	353/6	-	-	-	286/6
WILD RUSH(FROM NONSTOP MEGAMIX)	-	-	-	-	207/15	-	-	-	229/18
LA BAMBA	99/0	119/8	209/16	305/10	-	118/6	211/14	282/14	-
蒼い衝動 ～for EXTREME～	101/0	133/6	222/9	285/4	-	131/7	215/9	283/4	-
桜	160/0	228/7	345/3	446/1	356/1	226/9	317/6	438/1	352/1
大見解	164/0	176/2	269/10	425/16	433/16	203/2	268/8	415/18	424/18
三毛猫ロック	111/0	128/20	224/4	314/9	-	141/11	247/6	313/15	-
A	104/0	147/7	241/2	329/3	326/3	146/2	214/2	318/3	324/3
Across the nightmare	171/0	205/0	274/13	305/12	372/0	205/0	274/10	305/14	365/0
air	88/0	152/0	177/2	219/10	-	117/0	185/4	217/8	-
AM-3P -303 BASS MIX-	101/0	128/0	217/0	242/0	-	123/0	204/0	233/0	-
bag	45/0	149/0	208/0	382/0	382/0	148/0	217/0	360/0	360/0
BE LOVIN	133/0	152/3	229/4	304/4	-	128/3	237/3	291/5	-
Colors ～for EXTREME～	118/0	181/12	268/9	310/9	430/7	172/6	265/5	322/9	400/7
CUTIE CHASER(MORNING MIX)	73/0	91/0	140/0	215/8	-	86/0	162/0	197/5	-
Dance Dance Revolution	127/0	170/0	245/4	352/0	369/0	192/0	234/2	345/0	344/0
Destiny lovers	104/0	118/6	192/21	358/14	-	115/4	197/14	302/13	-
DROP THE BOMB(SyS.F. Mix)	83/0	140/20	194/34	272/12	-	128/13	168/6	246/29	-
Frozen Ray ～for EXTREME～	124/0	171/8	277/5	395/3	-	140/8	264/4	356/1	-
Gamelan de Couple	114/0	149/0	175/0	298/0	-	152/0	171/0	297/0	-
GRADUATION ～それぞれの明日～	90/0	110/0	192/11	274/1	-	116/0	181/10	245/5	-
Happy Wedding	86/0	131/1	177/8	264/6	-	135/1	179/9	261/5	-
Heaven is a '57 metallic gray ～gimmix～	108/0	144/3	226/7	299/19	-	173/2	245/10	327/12	-
HYPER EUROBEAT	95/0	174/10	223/16	293/16	-	182/12	239/22	277/18	-
I'm gonna get you!	103/0	137/3	214/12	313/6	-	129/2	213/9	307/4	-
jane jana	77/0	157/0	178/0	303/0	-	161/0	173/0	305/0	-
JET WORLD	119/0	164/10	229/4	325/11	-	153/10	226/5	287/9	-
KISS KISS KISS	107/0	199/1	243/7	332/31	-	167/14	226/19	332/19	-
Kiss me all night long	106/0	116/4	193/13	316/10	-	130/6	197/13	291/15	-
L'amour et la liberté(DDR Ver.)	103/0	168/15	244/15	308/2	-	163/5	235/6	290/4	-
♥Love²シュガ→♥	100/0	131/0	184/9	249/1	-	134/0	186/3	232/1	-
LOVE♥SHINE	130/0	195/8	209/12	312/21	-	161/20	219/4	337/7	-
Miracle Moon ～L.E.D.LIGHT STYLE MIX～	101/0	142/2	206/5	284/2	-	124/2	203/5	292/2	-
PARANOIA survivor	103/0	233/2	340/2	509/4	-	233/2	338/3	475/2	-
PARANOIA survivor MAX	121/0	258/2	377/2	567/5	613/4	258/2	375/3	533/3	613/4
Pink Rose	84/0	123/5	194/8	243/25	-	123/2	185/13	233/15	-
SO IN LOVE	66/0	102/27	147/33	191/26	-	86/7	139/14	186/24	-
STAY (Organic house Version)	65/0	111/2	166/7	209/5	-	102/1	155/8	204/2	-
stoic (EXTREME version)	102/0	134/0	270/4	342/3	-	131/0	265/0	333/0	-
sync (EXTREME version)	94/0	180/10	257/11	304/7	328/8	190/18	255/7	283/17	313/8
TEARS	129/0	177/9	249/5	360/6	-	175/10	252/5	336/7	-
The Least 100sec	101/0	169/5	304/7	429/2	-	167/5	301/7	459/2	-
The legend of MAX	174/0	255/3	357/29	500/3	-	242/3	366/3	484/3	-
TRIP MACHINE survivor	121/0	184/2	289/2	347/2	-	174/2	296/2	347/1	-
Twin Bee -Generation X-	75/0	112/3	173/9	242/15	-	111/3	164/13	233/11	-
V ～for EXTREME～	123/0	153/12	265/16	365/12	448/4	156/10	237/14	331/4	425/4
VANITY ANGEL	79/0	144/0	236/0	325/17	-	134/0	222/0	284/0	-
xenon	121/0	160/12	271/12	375/11	-	177/12	251/11	363/12	-
1998	119/0	177/1	231/1	311/6	-	180/1	235/2	313/6	-
321STARS	95/0	146/5	239/15	308/7	-	147/5	241/7	307/7	-
怒れる大きな白い馬	100/0	141/3	228/1	347/5	-	115/3	209/1	338/1	-
カゲロウ	118/0	157/3	233/3	290/5	-	135/3	216/3	275/4	-
月光蝶	117/0	121/7	223/5	299/8	-	109/3	212/2	298/2	-
この子の七つのお祝いに	97/0	209/22	316/8	458/4	-	195/9	304/12	452/4	-
男々道	123/0	159/0	221/4	365/0	-	145/0	269/0	363/0	-
チカラ	115/0	149/0	269/8	367/1	-	161/0	269/16	384/0	-
虹色	99/0	118/0	256/3	328/0	427/6	105/0	215/3	350/0	406/8
華爛漫 -Flowers-	123/0	211/5	272/1	348/1	-	184/1	266/1	359/3	-
ヒマワリ	120/0	156/5	278/6	370/2	-	147/18	280/5	428/4	-
夢幻ノ光	115/0	119/12	241/31	331/25	-	119/13	234/30	329/23	-
A Stupid Barber	108/0	152/16	215/14	271/25	-	126/3	225/9	271/6	-
AA	108/0	186/2	275/2	386/2	-	186/2	273/2	366/2	-
Bad Routine	103/0	127/4	189/7	207/30	-	117/7	187/4	226/12	-
Baile Le Samba	50/0	55/0	161/18	215/23	-	78/0	131/0	209/2	-
BALLAD FOR YOU～想いの雨～	52/0	104/10	150/27	211/26	-	75/9	164/8	245/21	-
Brazilian Anthem	84/0	155/10	213/30	269/12	-	156/8	201/10	282/7	-
cachaca	53/11	87/10	171/4	249/19	-	106/10	190/28	245/14	-
Can Be Real	104/0	129/12	204/8	257/27	-	105/4	183/7	228/12	-
CAN'T STOP FALLIN' IN LOVE (super euro version)	100/0	117/0	198/7	288/0	-	87/0	181/2	282/0	-
CENTAUR	73/0	147/9	207/9	283/6	-	159/8	211/5	310/2	-
CHAOS	56/0	183/5	245/2	321/5	405/9	174/2	242/2	316/5	360/7
CURUS	82/0	91/0	123/51	294/35	-	99/0	169/14	315/0	-
DoLL	121/0	194/17	251/68	366/53	431/51	198/18	244/71	374/37	454/36
Dragon Blade	162/0	249/1	311/1	395/1	-	248/1	310/1	396/1	-
Fascination ～eternal love mix～	226/2	288/6	395/1	588/6	572/14	278/20	371/4	584/3	581/2
Fascination MAXX	101/0	272/9	397/7	640/4	670/16	264/12	380/3	628/3	654/3
Flow	111/0	161/17	236/7	311/2	-	171/17	237/9	307/2	-
Flow (True Style)	111/0	161/17	236/7	311/2	364/1	171/17	237/9	307/2	360/1
Fly away	100/0	110/3	201/29	330/3	-	113/4	205/10	297/6	-
Forever Sunshine	91/0	93/18	155/24	181/23	-	95/8	143/17	182/17	-
Freedom	114/0	141/27	196/6	291/7	-	137/18	187/5	251/5	-
Funk Boogie	94/0	126/25	123/16	219/26	-	108/5	185/6	215/9	-
GORGEOUS 2012	81/0	81/0	233/14	270/6	-	117/15	172/13	267/6	-
HAPPY☆ANGEL	134/0	136/1	276/14	386/5	593/33	136/3	234/26	363/2	520/18
Healing-D-Vision	150/0	267/18	349/2	421/2	525/2	264/18	345/2	443/2	517/2
I Need You	100/0	105/11	161/15	186/22	-	107/3	163/9	207/4	-
iFUTURELIST(DDR VERSION)	88/0	139/10	228/29	294/10	355/6	160/6	219/33	292/10	355/6
INNOCENCE OF SILENCE	77/0	151/7	197/7	296/9	-	149/7	197/7	292/7	-
INSIDE YOUR HEART	76/0	117/8	185/4	241/4	-	118/9	187/4	242/4	-
Jam & Marmalade	92/0	109/15	179/8	212/13	-	115/6	173/6	205/1	-
KEEP ON MOVIN' ～DMX MIX～	89/0	134/12	187/13	307/31	-	115/5	196/16	297/2	-
La Bamba	110/0	155/1	247/1	328/1	-	155/1	247/1	328/1	-
LOGICAL DASH	78/0	111/8	168/8	224/18	-	103/7	147/17	201/11	-
LOVE IS ORANGE	110/2	148/5	216/26	252/0	327/8	165/5	219/27	246/2	316/11
Make A Difference	90/6	164/27	245/49	349/38	-	165/27	242/49	352/40	-
MARIA(I believe...)	96/5	132/28	202/12	277/10	-	131/28	202/14	278/14	-
MAX 300 (Super-Max-Me Mix)	203/6	345/30	409/34	586/60	610/62	359/0	394/9	543/48	562/188
MAXIMIZER	148/0	201/29	264/16	360/9	-	192/4	279/7	331/14	-
MIDNIGHT SPECIAL	101/12	144/21	236/11	267/14	-	190/3	244/11	274/8	-
Mind Parasite	79/0	125/15	201/21	330/26	-	125/15	180/21	274/24	-
Monkey Punk	151/16	222/30	268/16	322/17	-	223/22	258/12	260/18	-
MOON	100/0	100/10	240/6	315/7	-	104/8	247/3	330/3	-
murmur twins	81/0	86/3	237/11	325/7	-	74/0	222/2	310/0	-
My Only Shining Star	75/0	83/0	150/4	261/0	-	102/0	157/2	328/0	-
No.13	107/0	181/13	293/6	420/9	-	175/3	275/2	383/5	-
PARANOiA-Respect-	95/0	345/10	413/26	555/18	-	247/0	396/13	524/13	-
PASSION OF LOVE	101/0	154/10	224/18	290/22	-	161/29	221/18	287/19	-
Polovtsian Dances And Chorus	104/4	149/9	228/38	328/4	-	149/9	233/39	340/0	-
PUT YOUR FAITH IN ME ～SATURDAY NIGHT MIX～	78/0	132/6	210/11	252/12	-	123/4	199/3	281/4	-
Quickening	111/0	161/24	224/25	333/13	-	139/20	223/21	265/21	-
Quick Master	87/0	139/22	219/10	273/11	-	133/21	217/8	262/1	-
rainbow flyer	90/0	127/21	180/9	292/13	-	104/14	194/23	290/15	-
rainbow rainbow	82/0	91/0	172/11	307/12	-	109/0	226/1	302/11	-
RED ZONE	129/0	188/6	244/6	357/6	-	188/6	244/6	335/6	-
Saturday Night Love	81/0	111/22	181/38	214/42	-	117/5	179/7	220/7	-
Scorching Moon	93/0	163/8	202/8	239/12	-	154/8	204/8	282/14	-
SEDUCTION	98/0	151/24	240/7	385/13	-	159/20	242/7	358/31	-
SEDUCTION(Vocal Remix)	131/0	223/3	304/5	376/1	-	204/4	297/1	370/1	-
Ska Ska No.3	82/0	97/0	204/0	244/2	-	105/0	168/0	246/0	-
Star Gate Heaven	97/0	117/1	218/1	281/5	-	106/3	209/1	288/1	-
STARS☆☆☆(2nd NAOKI's style)	105/0	184/14	223/14	294/22	-	188/17	224/14	295/21	-
THE SHINING POLARIS	102/0	107/0	172/42	234/75	-	158/5	201/19	240/28	-
TIERRA BUENA	65/0	125/5	190/5	246/5	-	112/16	176/5	239/1	-
TOMORROW	91/1	124/16	212/3	290/10	-	140/15	214/11	285/11	-
Tomorrow Perfume	92/0	126/15	201/18	258/33	-	118/12	195/8	228/12	-
TRUE♡LOVE	131/0	166/4	265/7	353/1	-	153/1	262/8	349/1	-
Try 2 Luv. U	66/0	73/17	125/16	150/30	-	88/7	127/10	169/12	-
un deux trois	102/0	121/25	187/34	267/11	-	113/4	160/13	225/13	-
Under the Sky	64/0	64/2	117/9	197/21	-	93/0	177/8	213/5	-
Xepher	111/0	221/14	336/9	442/14	530/14	217/13	329/5	419/12	515/13
You gotta move it (feat. Julie Rugaard)	83/1	134/20	192/25	253/12	-	128/22	182/21	257/17	-
A thing called LOVE	88/0	175/12	243/14	316/37	-	176/11	244/14	346/9	-
AM-3P ("CHAOS" Special)	-	-	-	-	309/4	-	-	-	276/2
Arrabbiata	167/0	310/0	376/1	452/1	-	310/1	375/1	447/1	-
B4U ("VOLTAGE" Special)	-	-	-	-	367/0	-	-	-	367/0
Blind Justice ～Torn souls, Hurt Faiths ～	100/0	174/16	252/14	374/25	-	169/22	249/14	342/17	-
Bloody Tears(IIDX EDITION)	101/0	139/0	189/4	265/0	-	149/0	177/24	271/0	-
BRILLIANT 2U ("STREAM" Special)	-	-	-	-	340/6	-	-	-	325/0
CaptivAte～誓い～	100/0	155/14	252/14	420/15	-	151/23	247/17	419/16	-
D2R ("FREEZE" Special)	-	-	-	-	175/67	-	-	-	158/54
DEAD END ("GROOVE RADAR" Special)	-	-	-	-	479/75	-	-	-	455/75
dream of love	64/0	84/0	184/8	199/37	-	132/8	179/12	228/2	-
DYNAMITE RAVE ("AIR" Special)	-	-	-	-	217/0	-	-	-	217/0
Electrified	104/0	147/2	209/1	273/9	-	178/1	206/1	286/3	-
Every Day, Every Night(NM style)	76/1	103/0	145/5	238/3	-	103/0	145/5	261/4	-
Feelings Won't Fade(Extend Trance Mix)	98/5	191/29	245/19	356/23	-	191/29	258/1	395/9	-
FIRE	88/0	162/19	256/10	345/7	-	118/0	191/17	352/24	-
Flow (Jammin' Ragga Mix)	84/0	126/25	222/7	309/25	-	121/25	223/14	290/29	-
Fly Away -mix del matador-	114/2	166/6	236/4	372/15	-	160/22	237/18	363/4	-
Freeway Shuffle	89/4	182/12	239/10	294/36	372/5	182/12	239/10	294/34	368/5
GIRIGILI門前雀羅	81/0	170/2	255/6	350/4	-	170/2	255/6	348/4	-
L'amour et la liberté(Darwin & DJ Silver remix)	80/4	131/10	198/17	340/1	-	126/0	221/13	340/22	-
MARS WAR 3	89/0	133/0	242/16	389/16	-	123/4	280/8	350/16	-
MOONSTER	89/2	156/4	238/13	305/37	-	139/1	231/11	266/21	-
Music In The Rhythm	134/0	230/17	291/14	377/15	-	226/3	281/1	365/22	-
NGO	130/0	203/2	259/10	371/10	418/10	203/2	259/10	370/10	423/10
PARANOiA ～HADES～	201/0	341/1	457/1	522/1	662/1	341/1	458/1	518/1	653/1
Pluto	98/0	195/2	293/17	370/10	516/10	201/2	296/2	380/13	525/6
Pluto Relinquish	47/0	342/36	397/10	546/13	557/17	325/23	398/19	531/3	562/12
Poseidon	87/0	128/5	225/1	298/7	-	161/1	228/1	276/3	-
Raspberry♡Heart(English version)	128/0	188/3	237/5	291/8	314/1	193/3	240/8	295/15	331/0
Saturn	88/0	179/8	267/16	337/27	-	148/10	233/16	299/54	-
Shades of Grey	59/0	132/5	223/6	255/6	-	127/5	204/6	251/6	-
Silver Platform - I wanna get your heart -	80/2	169/31	227/18	340/21	-	94/35	218/18	311/37	-
SOUL CRASH	95/0	206/6	294/5	390/9	-	184/11	272/8	373/9	-
Star Gate Heaven (Future Love Mix)	75/3	163/11	235/14	335/10	-	184/10	237/9	335/28	-
STARS☆☆☆ (Re-tuned by HΛL) - DDR EDITION -	108/0	166/6	280/9	300/0	-	166/10	281/7	300/0	-
stealth	85/0	183/6	237/8	311/29	-	179/10	237/11	332/10	-
SUNKiSS♡DROP	137/0	195/5	234/3	422/14	348/14	133/2	233/7	325/18	356/4
switch	109/0	180/9	232/11	289/14	-	180/13	226/10	281/13	-
Trim	110/0	186/16	313/13	467/27	-	190/17	309/37	462/26	-
TRIP MACHINE PhoeniX	78/0	159/1	283/1	403/1	475/1	159/1	283/1	403/1	477/1
Trust -DanceDanceRevolution mix-	75/0	150/4	218/13	288/22	-	138/7	213/13	305/17	-
Unreal	97/0	212/0	307/0	398/0	-	212/0	311/0	396/0	-
Uranus	125/0	204/0	282/6	344/7	402/0	204/0	282/7	344/7	402/0
Vem brincar	84/3	153/31	219/19	261/31	-	157/20	222/17	324/16	-
Venus	64/0	127/14	259/10	355/22	436/20	134/11	209/13	297/30	406/20
volcano	82/3	153/11	249/15	436/18	-	175/2	260/9	436/15	-
Votum stellarum -forest #25 DDR RMX-	52/0	128/9	269/0	357/0	-	112/9	227/0	312/0	-
Why not	138/0	239/8	269/8	330/8	-	239/8	263/8	327/8	-
30 Lives (Up-Up-Down-Dance Mix)	68/0	108/8	208/19	243/1	-	111/4	197/20	241/3	-
革命(X-Special)	-	-	-	-	378/21	-	-	-	377/19
零 - ZERO -	91/0	188/8	280/27	384/29	-	186/6	256/21	363/9	-
凛として咲く花の如く	128/0	189/16	242/24	337/21	-	175/14	232/19	359/21	-
A Geisha's Dream	90/0	192/10	254/30	340/30	-	188/8	240/10	341/16	-
AFRONOVA(X-Special)	-	-	-	-	394/30	-	-	-	402/11
Beautiful Inside (Cube::Hard Mix)	68/0	101/10	188/19	244/26	-	101/12	196/12	259/15	-
Blue Rain	81/0	155/11	193/17	298/16	-	139/11	211/18	307/15	-
CANDY☆(X-Special)	-	-	-	-	337/43	-	-	-	341/40
Chance and Dice	99/0	164/8	203/28	280/20	-	159/4	200/15	290/23	-
Dance Celebration	72/0	141/8	218/20	330/10	308/10(26)	148/7	192/9	298/7	275/7(25)
Dance Celebration (System 7 Remix)	86/3	145/15	223/32	314/31	-	143/27	174/7	307/14	-
Dance Dance Revolution(X-Special)	-	-	-	-	353/36	-	-	-	353/35
Dance Floor	66/0	125/2	184/17	226/28	-	112/2	188/12	231/26	-
dazzle	60/0	111/21	184/12	250/17	-	101/15	182/17	243/23	-
Dream Machine	86/0	182/12	240/12	305/10	-	142/6	232/7	321/5	-
Flight of the Phoenix	71/0	131/1	177/19	212/29	169/13(29)	138/1	171/15	209/32	158/14(19)
Flourish	95/0	175/1	254/12	313/17	-	187/2	235/10	292/8	-
Healing Vision(X-Special)	-	-	-	-	462/40	-	-	-	456/26
Horatio	75/1	128/4	244/14	503/12	436/12(37)	124/10	211/11	422/3	382/3(43)
Inspiration	82/0	139/4	188/10	255/14	-	132/4	183/13	261/10	-
INTO YOUR HEART (Ruffage remix)	69/0	97/1	217/8	301/10	-	142/4	206/8	291/12	-
Lift You Up	73/0	121/2	169/4	229/2	-	118/3	173/4	214/2	-
LOVING YOU (Epidemik remix)	78/0	124/4	235/4	306/26	-	146/6	241/6	299/16	-
Malacca	85/0	139/2	183/2	229/3	385/18	150/2	186/3	219/1	389/1
MAX 300(X-Special)	-	-	-	-	523/30	-	-	-	514/28
MAXX UNLIMITED(X-Special)	-	-	-	-	640/104	-	-	-	596/41
on the bounce	97/0	197/12	310/16	423/13	482/20	174/10	269/9	404/13	469/20
On The Break	88/0	213/32	294/29	370/18	-	218/5	285/5	360/5	-
PARANOiA ETERNAL(X-Special)	-	-	-	-	452/30	-	-	-	426/9
PARANOIA EVOLUTION(X-Special)	-	-	-	-	382/1	-	-	-	428/1
PARANOiA MAX～DIRTY MIX～(X-Special)	-	-	-	-	420/4	-	-	-	380/12
PARANOiA Rebirth(X-Special)	-	-	-	-	463/22	-	-	-	472/12
PARANOiA(X-Special)	-	-	-	-	371/12	-	-	-	352/42
Party Lights	77/0	117/36	173/32	250/52	-	117/0	173/19	243/54	-
Playa (Original Mix)	86/0	141/8	224/8	331/7	-	136/0	217/8	330/1	-
puzzle	77/0	120/9	167/10	205/8	-	125/2	155/3	214/2	-
S・A・G・A	137/0	208/12	281/12	317/17	-	209/3	263/11	353/5	-
SABER WING	162/0	258/24	346/33	442/24	389/18(59)	271/9	330/17	433/13	389/13(48)
SABER WING (Akira Ishihara Headshot mix)	175/12	297/17	357/10	439/29	492/31	276/15	341/10	421/29	480/25
Slip Out	57/0	78/6	147/15	193/13	-	100/2	133/20	189/12	-
Slip Out (bounce in beat mix)	59/0	115/1	145/43	228/53	-	111/1	150/42	220/28	-
SP-TRIP MACHINE～JUNGLE MIX～(X-Special)	-	-	-	-	254/18	-	-	-	262/11
SUPER SAMURAI	117/0	251/13	400/2	501/27	-	259/11	369/9	485/22	-
Taj He Spitz	77/0	131/14	202/0	281/2	-	127/4	207/4	289/6	-
Taj He Spitz (Tommie Sunshine's Brooklyn Fire Re-Touch)	88/0	159/16	223/10	335/5	-	152/20	216/17	331/5	-
Take A Chance	68/1	97/7	156/3	196/6	-	95/4	154/4	214/6	-
The flower in your smile	75/0	196/4	239/8	293/8	-	186/2	229/5	262/5	-
The legend of MAX(X-Special)	-	-	-	-	527/17	-	-	-	504/7
Ticket To Bombay	89/0	159/1	217/7	285/7	-	153/0	198/5	269/1	-
Till the lonely's gone	93/0	116/8	221/18	254/12	-	116/8	221/21	254/12	-
TimeHollow	57/0	98/10	135/10	185/14	-	91/9	137/4	176/4	-
Tracers (4Beat Remix)	91/0	179/8	231/8	300/7	-	188/7	245/6	324/6	-
Trigger	105/0	256/6	377/11	490/28	579/46	206/5	364/10	486/31	538/39
TRIP MACHINE CLIMAX(X-Special)	-	-	-	-	361/17	-	-	-	343/15
TRIP MACHINE(X-Special)	-	-	-	-	258/22	-	-	-	256/21
Übertreffen	116/0	196/14	286/7	405/9	-	179/5	277/8	391/3	-
Waiting 4 u	113/0	196/5	272/11	329/15	300/14(32)	209/5	277/5	346/5	315/4(28)
will	56/0	86/10	158/30	283/15	-	145/5	197/15	281/19	-
only my railgun	69/7	119/12	178/29	242/24	168/11(50)	144/17	215/32	330/15	151/26(51)
resonance	79/0	121/4	247/20	340/20	-	128/5	239/16	316/14	-
不沈艦CANDY	110/0	228/15	329/31	570/14	-	208/15	313/15	514/16	-
冥	137/1	255/7	443/8	616/12	730/10	280/7	415/12	585/7	684/14
A Brighter Day	77/0	152/18	221/31	262/50	364/19	164/24	224/30	295/17	377/24
aftershock!!	125/1	141/42	304/43	447/14	-	134/37	304/43	427/14	-
All My Love	74/0	155/13	207/21	284/23	-	128/18	215/5	293/9	-
Anti-Matter	190/0	333/21	444/41	600/36	700/30	333/21	444/56	525/43	623/36
BALLAD THE FEATHERS	71/0	130/0	200/0	279/0	180/0(22)	123/0	198/0	276/0	183/0(24)
CG Project	98/0	175/8	246/22	359/17	-	170/6	240/14	323/12	-
Crazy Control	53/0	91/0	151/0	243/0	274/0	119/0	184/0	242/0	273/0
Dazzlin' Darlin	70/0	184/8	270/5	342/7	-	227/5	287/8	348/6	-
Dazzlin' Darlin-秋葉工房mix-	109/0	179/9	239/15	389/1	-	169/13	259/8	401/3	-
Decade	84/0	164/11	228/24	282/23	-	168/8	221/15	306/17	-
ΔMAX	130/0	163/0	464/16	573/110	595/60	262/6	463/40	573/14	595/60
dirty digital	57/4	116/4	192/5	252/5	306/2	116/4	191/5	243/7	314/2
DROP	73/0	145/18	223/18	348/31	-	134/17	242/16	383/31	-
Dummy	74/5	133/4	222/1	299/3	-	133/4	222/1	322/7	-
FIRE FIRE	140/0	205/3	308/11	571/5	-	180/10	260/18	497/12	-
Freeze	62/20	121/54	194/42	290/54	268/54(23)	112/39	188/49	295/41	272/41(23)
going up	117/4	296/0	398/0	491/0	352/0(46)	269/7	391/0	489/0	347/0(43)
GOLD RUSH	78/0	137/17	225/29	352/17	-	155/17	189/26	365/17	-
Gotta Dance	66/0	80/11	185/18	307/18	-	138/19	220/28	295/19	-
Heatstroke	84/0	174/36	219/39	305/4	201/37(20)	170/36	220/29	300/4	201/28(20)
I'm so Happy	100/2	184/15	271/11	383/17	535/16	186/15	265/11	383/16	528/16
in love wit you	69/0	78/31	135/47	182/82	-	101/34	134/58	169/100	-
KIMONO♡PRINCESS	136/14	234/27	366/28	510/35	-	220/27	328/16	473/17	-
KISS KISS KISS 秋葉工房 MIX	96/0	177/5	245/27	357/17	-	157/8	240/32	363/19	-
La libertad	83/0	136/1	272/1	384/1	442/1	165/6	279/9	376/17	415/17
La receta	85/0	112/20	230/13	339/11	361/19	142/29	218/12	316/29	360/15
Leaving･･･	79/10	180/8	239/9	305/9	384/16	182/8	237/7	299/7	374/10
Love Again	56/0	84/11	143/28	196/34	-	93/18	154/26	199/31	-
MAX LOVE	147/12	317/2	365/7	454/3	547/3	306/2	365/3	453/7	529/5
Melody Life	94/4	198/12	287/10	366/10	328/10(42)	196/8	286/8	370/8	340/8(36)
New Decade	124/0	324/48	394/45	508/40	543/49	311/34	410/33	512/21	519/31
oarfish	44/2	69/3	208/50	252/118	-	70/3	208/51	252/118	-
Pierce The Sky	79/0	275/21	361/35	476/24	598/15	273/19	360/33	470/17	573/15
Pluto The First	117/1	201/20	395/11	525/2	481/2(57)	211/2	390/2	521/5	481/5(48)
Poseidon(kors k mix)	88/0	158/13	254/14	393/19	-	116/10	235/12	373/10	-
POSSESSION	215/35	389/13	489/21	612/13	643/37	379/19	489/15	606/10	640/10
real-high-SPEED	79/0	134/9	185/14	249/13	-	136/10	167/13	235/23	-
roppongi EVOLVED ver.A	146/9	229/28	337/29	495/28	-	222/30	291/37	440/31	-
roppongi EVOLVED ver.B	143/11	234/26	350/17	476/24	-	224/30	325/28	462/17	-
roppongi EVOLVED ver.C	151/8	241/21	368/14	490/21	-	242/22	348/21	476/13	-
roppongi EVOLVED ver.D	156/10	263/27	388/17	540/18	-	253/16	343/24	506/20	-
Sacred Oath	65/0	107/16	208/34	300/28	336/31	149/28	214/30	313/43	347/38
sakura storm	84/2	121/5	218/11	311/13	388/8	121/5	218/15	312/8	407/8
Sakura Sunrise	97/0	237/18	340/20	403/27	507/40	246/19	333/15	420/19	479/39
Second Heaven	93/0	158/13	253/10	357/9	470/12	166/12	246/5	366/7	464/20
She is my wife	70/0	131/21	196/21	314/13	-	125/17	189/22	295/17	-
Shine	53/0	97/9	157/13	208/21	259/23	99/16	159/1	225/1	261/21
☆shining☆	97/0	170/24	297/19	379/26	-	167/23	251/22	341/32	-
Shiny World	73/7	196/5	272/6	371/1	426/6	192/5	256/5	361/0	421/6
Sky Is The Limit	71/0	170/12	276/22	294/35	-	180/11	240/26	301/25	-
smooooch・∀・	91/0	127/4	235/20	412/29	278/8(46)	160/13	223/19	392/13	289/15(34)
someday...	104/14	187/14	259/17	320/27	-	194/22	270/33	314/20	-
Taking It To The Sky	47/0	89/10	153/24	229/23	-	130/11	181/21	220/23	-
Theory of Eternity	132/0	228/12	317/9	419/6	275/12(46)	228/8	316/14	416/8	275/14(45)
THIS NIGHT	89/0	147/22	260/21	345/20	-	152/37	257/39	322/47	-
Valkyrie dimension	253/14	349/9	444/32	632/39	712/44	331/7	444/25	591/12	634/45
VANESSA	138/0	209/22	327/17	532/9	-	210/15	338/13	501/6	-
WH1TE RO5E	81/2	142/10	233/19	368/9	-	124/14	237/17	347/14	-
What Will Come of Me	68/0	103/2	189/4	371/9	-	147/4	201/11	329/7	-
You are a Star	73/0	108/24	208/34	352/26	391/32	166/5	212/13	318/7	367/11
Your Angel	87/8	135/14	237/4	353/16	-	135/14	239/5	363/8	-
ZETA～素数の世界と超越者～	113/0	227/13	383/47	613/37	811/89	211/19	353/13	563/19	787/89
888	80/6	208/10	444/24	515/11	753/25	208/10	406/11	537/21	680/12
COME BACK TO MY HEART	73/0	126/14	193/13	252/17	134/17(28)	109/10	180/17	271/8	136/18(27)
アルストロメリア (walk with you remix)	119/18	203/30	278/25	370/12	399/28(26)	206/18	277/9	360/3	341/2(39)
紅焔	109/2	202/9	307/24	420/19	604/31	193/10	289/22	395/20	597/28
雫	96/0	132/15	304/17	397/45	-	118/14	299/18	379/45	-
隅田川夏恋歌	101/5	177/6	356/5	484/0	585/24	237/5	371/0	474/0	551/9
天上の星～黎明記～	103/0	162/7	233/14	336/38	-	141/7	223/15	323/33	-
ビューティフル レシート	119/0	220/46	290/52	362/50	-	203/37	282/52	346/50	-
繚乱ヒットチャート	100/3	200/22	300/24	444/19	-	170/14	280/23	408/15	-
恋閃繚乱	80/0	164/25	219/18	327/7	483/24	161/16	232/16	318/8	476/9
Amalgamation	144/5	249/25	329/13	436/9	490/10	248/15	321/13	435/9	467/10
BRILLIANT 2U (AKBK MIX)	123/5	253/15	392/13	571/18	-	243/12	359/11	561/16	-
Chronos	65/16	118/29	229/28	362/20	532/35	121/29	238/32	370/18	542/48
Cosmic Hurricane	102/4	216/20	322/22	483/18	599/55	213/20	317/21	468/25	594/45
CRAZY♡LOVE	120/21	193/31	419/52	518/53	-	217/46	403/58	519/56	-
Diamond Dust	70/0	148/13	181/18	251/25	274/18(39)	138/13	189/28	255/26	277/16(41)
dreaming can make a wish come true	93/6	136/14	252/12	326/10	-	137/21	229/24	317/11	-
ever snow	105/0	141/7	290/5	447/7	-	141/6	271/8	371/8	-
Fever	81/0	140/2	221/11	262/18	-	141/4	222/12	261/16	-
Find You Again	62/6	118/12	195/4	284/8	-	131/12	191/25	296/8	-
FLOWER	101/19	218/39	363/13	442/11	595/20	238/14	357/15	418/13	549/20
Get Back Up!	86/0	164/30	239/15	290/14	-	165/31	240/18	287/18	-
Go For The Top	148/11	237/20	354/16	493/28	622/40	240/17	336/10	473/27	615/22
Haunted Rhapsody	104/0	137/12	216/37	363/16	-	129/7	227/6	370/13	-
HEART BEAT FORMULA	109/6	263/4	342/23	457/10	-	248/3	350/5	430/2	-
HEARTBREAK (Sound Selektaz remix)	68/1	116/12	168/23	242/21	-	112/13	169/33	244/29	-
I/O	88/0	145/8	242/18	367/15	-	134/7	254/12	368/19	-
In The Air	87/0	139/13	190/25	290/3	-	140/14	218/8	290/3	-
IN THE ZONE	53/4	83/6	181/10	240/16	-	147/15	192/19	244/5	-
KEEP ON MOVIN' (Y&Co. DJ BOSS remix)	74/0	194/16	282/15	443/9	-	185/15	272/24	437/21	-
Let's Get Away	83/19	129/13	244/12	307/10	-	213/40	260/53	386/6	-
London EVOLVED ver.A	131/6	237/10	337/1	433/4	599/2	215/28	300/24	396/7	589/2
London EVOLVED ver.B	156/5	281/9	376/8	479/35	652/53	248/32	339/30	470/38	644/33
London EVOLVED ver.C	156/6	289/9	391/4	490/3	703/2	268/29	365/24	481/7	691/2
LOVE IS THE POWER -Re:born-	85/1	156/4	209/8	276/8	-	158/4	209/8	276/8	-
MAGIC PARADE	55/2	111/0	222/0	333/3	-	135/10	216/12	330/16	-
Mermaid girl	99/4	180/8	258/3	368/0	343/0(37)	207/2	256/7	336/1	323/1(29)
message	80/0	160/5	240/10	320/20	-	111/5	222/10	333/20	-
NEPHILIM DELTA	167/1	289/10	466/3	583/3	-	282/4	420/4	561/3	-
New Beginning	101/1	171/2	253/35	343/34	315/34(28)	188/13	255/30	329/31	305/31(24)
New York EVOLVED (Type A)	109/17	238/30	437/45	573/85	-	233/34	401/46	598/30	-
New York EVOLVED (Type B)	126/11	259/15	430/18	561/23	-	249/19	392/16	541/14	-
New York EVOLVED (Type C)	121/5	242/5	402/7	523/16	-	245/15	379/7	530/9	-
osaka EVOLVED -毎度、おおきに!- (TYPE1)	170/17	262/22	359/21	446/29	-	232/31	345/27	440/27	-
osaka EVOLVED -毎度、おおきに!- (TYPE2)	170/17	262/22	359/21	420/12	-	234/27	343/27	437/17	-
osaka EVOLVED -毎度、おおきに!- (TYPE3)	178/17	274/25	375/24	460/79	-	249/30	359/30	460/47	-
PARANOiA (kskst mix)	152/2	315/23	493/10	671/57	-	316/17	483/14	661/51	-
PARANOiA Revolution	208/1	342/8	510/11	679/20	753/18	303/9	483/17	658/18	735/14
Private Eye	76/0	105/24	215/40	291/44	-	173/9	238/15	341/12	-
Programmed Universe	94/0	164/8	248/16	358/12	-	147/5	236/14	346/11	-
PUT YOUR FAITH IN ME (DA's Twinkly Disco Remix)	49/1	135/15	205/11	372/22	-	144/11	206/12	355/18	-
REBORN MAGIC	94/0	150/12	231/9	278/8	-	147/10	223/7	328/7	-
Rescue Me	87/0	106/0	232/0	308/0	-	126/0	232/0	308/23	-
Resurrection	88/8	144/26	203/34	266/23	-	144/26	204/26	265/23	-
REVOLUTIONARY ADDICT	97/4	221/18	293/16	449/25	591/18	214/10	284/37	423/11	585/18
Rhythms Inside	71/7	107/8	202/14	269/15	-	142/10	217/18	276/14	-
Seasons	101/0	151/8	273/12	331/46	-	169/13	237/24	349/39	-
Seule	88/4	155/32	239/3	313/13	-	165/38	239/3	313/13	-
Share The Love	72/4	104/23	221/4	296/8	-	104/16	219/9	300/8	-
SigSig	135/4	236/21	339/29	416/26	318/28(35)	236/7	339/15	422/24	320/15(31)
SILVER☆DREAM	210/10	268/17	377/18	503/53	-	265/51	334/25	503/61	-
snow prism	102/2	174/8	271/9	416/18	547/13	193/9	281/11	398/17	533/13
Something Special	75/0	91/3	132/10	246/8	-	93/3	143/5	246/8	-
Take A Step Forward	87/10	183/44	218/30	316/10	-	183/40	216/25	311/9	-
The Heavens Above	85/4	178/40	219/46	301/31	-	177/37	219/44	301/31	-
TIME	66/0	133/28	212/12	253/22	-	133/28	209/13	252/22	-
Tohoku EVOLVED	228/1	340/2	495/2	656/17	690/46	332/2	488/2	626/8	677/27
tokyoEVOLVED (TYPE1)	123/1	235/6	361/15	523/6	-	204/6	343/9	452/7	-
tokyoEVOLVED (TYPE2)	107/3	212/10	355/15	522/6	-	220/8	357/9	468/6	-
tokyoEVOLVED (TYPE3)	93/4	184/9	334/15	492/6	-	180/9	328/11	458/7	-
Tribe	104/1	166/9	243/14	312/5	441/46	149/9	238/13	310/5	408/50
TRIP MACHINE (xac nanoglide mix)	133/0	226/23	399/29	590/64	-	231/19	377/26	584/64	-
TRIP MACHINE EVOLUTION	164/2	283/7	399/7	584/15	668/32	254/7	386/7	558/16	638/15
TWINKLE♡HEART	89/12	155/10	287/16	359/52	231/36(49)	155/11	286/13	356/23	229/37(51)
UNBELIEVABLE (Sparky remix)	169/13	219/41	354/34	488/57	-	223/36	346/34	470/43	-
Until the End	110/0	138/22	270/30	387/8	-	227/83	272/30	387/8	-
Wicked Plastik	121/0	153/8	240/10	373/8	-	194/4	288/14	392/6	-
Wings of an Angel (Fly With Me)	72/9	108/19	234/19	343/23	-	145/15	278/14	342/12	-
ずっとみつめていて (Ryu☆Remix)	59/0	185/9	252/10	352/7	463/23	172/15	245/16	322/8	445/11
ACROSS WORLD	75/0	106/14	237/3	363/3	419/26	106/14	236/3	363/3	403/27
JOKER	81/0	121/13	276/4	375/28	431/22	151/9	266/4	376/27	453/22
Starry HEAVEN	77/0	123/5	199/12	283/11	336/16	121/6	201/10	288/11	351/12
お米の美味しい炊き方、そしてお米を食べることによるその効果。	183/13	302/14	516/7	679/6	-	301/14	516/7	677/6	-
からふるぱすてる	105/0	201/14	301/19	422/25	-	188/12	284/30	416/22	-
キケンな果実	101/8	190/17	290/25	424/13	-	200/16	288/33	422/15	-
晴天Bon Voyage	129/2	207/14	286/38	361/65	-	201/15	257/29	309/49	-
創世ノート	80/6	256/20	344/34	490/35	-	268/23	331/31	492/41	-
ちくわパフェだよ☆CKP	133/0	214/10	300/11	378/10	509/6	214/10	300/11	383/8	509/6
†渚の小悪魔ラヴリィ～レイディオ†	122/0	243/24	379/36	573/24	234/26(73)	235/25	380/43	590/23	228/25(72)
虹色の花	92/1	187/35	298/20	400/22	-	189/35	304/32	411/21	-
フー・フローツ	142/0	213/9	327/9	428/7	-	209/8	327/7	429/8	-
めうめうぺったんたん!!	134/15	211/7	341/7	434/7	676/29	211/7	342/7	434/7	651/22
ラキラキ	73/5	241/12	331/14	422/26	-	241/12	322/14	399/39	-
凛として咲く花の如く ～ひなビタ♪ edition～	156/20	188/22	299/30	411/30	-	224/21	294/30	410/30	-
Ah La La La	86/0	132/22	166/20	321/8	-	138/20	167/20	293/16	-
Air Heroes	103/0	252/35	306/40	475/23	622/35	255/17	319/35	469/21	591/33
Another Phase	127/11	273/5	333/5	573/5	542/6(41)	265/5	333/7	547/5	526/4(34)
Back In Your Arms	73/0	151/10	236/8	302/10	-	144/9	236/8	300/10	-
Beautiful Dream	110/0	257/7	291/21	391/34	542/62	275/5	293/9	386/24	524/31
Blew My Mind	129/3	290/21	419/18	584/17	665/46(2)	292/19	421/18	581/14	662/46(2)
Bombay Bomb	117/0	181/24	327/0	444/0	-	189/22	327/0	440/0	-
Children of the Beat	85/0	209/5	317/26	369/18	443/14	209/5	313/26	351/21	446/15
Chinese Snowy Dance	138/11	226/25	365/25	594/35	-	203/20	349/26	589/22	-
Condor	91/0	186/18	254/22	363/14	479/67	186/18	255/22	356/17	462/71
Confession	66/3	115/17	190/32	310/41	473/21	124/20	198/32	312/40	471/21
Desert Journey	83/0	142/1	225/8	359/20	456/16(35)	150/3	225/8	358/20	429/15(35)
Diamond Night	80/11	125/8	231/10	326/15	426/27	145/6	228/8	300/13	418/27
Elemental Creation	285/27	438/24	614/24	789/22	860/22	427/24	612/24	751/22	832/22
Empathetic	146/18	263/10	417/11	487/11	-	263/10	417/11	487/11	-
escape	109/0	156/3	218/5	281/5	352/10(35)	153/5	219/5	281/5	353/9(34)
Everything I Need	65/0	110/26	165/36	226/37	-	104/22	155/42	221/36	-
Find The Way	95/5	192/5	301/13	398/13	-	192/11	302/13	380/13	-
GAIA	135/5	333/25	482/19	670/0	-	330/25	462/14	653/0	-
heron	94/2	178/12	252/16	357/5	301/14(35)	157/16	253/17	348/8	297/16(35)
Hoping To Be Good	75/0	100/14	174/18	256/1	-	113/11	164/14	235/2	-
Magnetic	129/1	268/39	383/49	563/55	645/86	259/44	383/49	558/51	622/84
Monkey Business	118/0	253/23	348/49	445/17	651/52	255/23	353/34	449/9	635/59
New Generation	117/0	192/5	331/4	453/48	575/11	189/5	331/12	444/39	572/15
New Gravity	117/9	218/4	301/1	376/1	471/1	210/4	301/1	375/1	471/1
nightbird lost wing	90/0	180/21	334/24	496/17	-	156/15	327/25	493/13	-
PRANA	153/8	269/13	369/8	481/4	582/7	268/7	369/12	482/4	580/2
printemps	123/0	173/6	266/13	396/6	-	150/5	268/7	410/8	-
Qipchãq	88/4	139/7	231/20	309/16	-	143/7	229/14	307/16	-
RËVOLUTIФN	127/3	273/49	391/43	573/16	777/16	265/32	396/14	555/14	744/17
Right on time (Ryu☆Remix)	105/0	180/12	264/6	387/7	217/6(63)	176/8	254/12	381/7	217/6(62)
sola	100/1	166/10	265/21	413/16	-	177/19	251/33	417/18	-
Somehow You Found Me	120/0	144/0	309/8	406/0	606/19	144/0	305/8	418/4	594/19
south	90/0	157/7	211/15	291/29	240/14(52)	147/1	211/16	266/75	197/27(50)
Spanish Snowy Dance	113/0	273/50	436/12	596/46	726/32	273/46	431/9	601/44	721/28
Straight Oath	104/0	230/16	320/10	460/10	544/47	232/17	323/10	464/8	549/30
STULTI	112/22	230/18	335/30	525/16	-	232/23	336/30	523/18	-
Sucka Luva	75/0	132/3	222/4	272/4	-	132/3	222/4	273/4	-
Summer Fairytale	83/7	131/31	189/35	218/44	420/19	153/28	199/22	239/55	411/19
Sweet Rain	148/0	217/18	325/11	454/27	-	221/10	322/9	447/21	-
Synergy For Angels	105/10	271/17	387/22	535/20	-	272/16	378/29	522/27	-
Tell me what to do	105/0	141/1	242/45	403/3	483/28	139/1	263/52	399/7	481/28
The Island Song	60/0	66/9	141/16	200/1	350/19	94/5	137/16	200/1	360/20
THE REASON	54/0	71/12	172/10	290/5	387/12	76/14	166/12	291/6	382/11
The Wind of Gold	139/11	226/16	299/15	458/61	-	219/15	288/15	455/52	-
Top The Charts	98/0	133/10	230/15	304/22	404/19(22)	134/10	231/15	302/24	401/21(22)
Triple Journey -TAG EDITION-	137/15	259/12	416/13	611/11	720/12	258/22	394/19	605/11	712/12
WILD SIDE	107/0	217/19	289/2	339/21	420/39	218/19	287/3	333/22	430/30
Windy Fairy	111/1	234/20	345/26	555/53	-	210/30	321/26	567/60	-
Wow Wow VENUS	97/0	161/39	288/24	376/25	-	171/8	279/34	358/20	-
You	52/2	100/29	147/41	214/39	-	101/29	151/42	214/36	-
朝色の紙飛行機	114/5	159/16	242/15	378/15	-	160/16	260/16	364/15	-
妖隠し -あやかしかくし-	121/0	247/14	448/16	632/21	-	247/14	438/24	575/30	-
阿波おどり -Awaodori- やっぱり踊りはやめられない	141/0	237/43	334/9	474/5	-	237/43	336/5	464/5	-
エンドルフィン	173/7	260/6	386/7	582/9	-	272/29	400/21	500/52	-
御千手メディテーション	151/6	267/15	385/21	560/20	-	266/15	378/21	522/14	-
乙女繚乱 舞い咲き誇れ	141/17	232/22	360/21	468/25	-	243/24	360/21	460/22	-
女言葉の消失	117/8	202/20	316/35	418/14	-	198/20	314/34	409/14	-
クリムゾンゲイト	121/5	211/14	320/8	480/8	-	210/16	312/5	453/7	-
激アツ☆マジヤバ☆チアガール	74/4	184/13	255/44	380/13	-	143/9	281/6	383/3	-
幻想系世界修復少女	111/0	217/4	327/7	387/27	-	246/3	279/10	386/27	-
恋はどう？モロ◎波動OK☆方程式！！	146/0	242/23	363/21	517/36	-	210/31	345/20	511/21	-
漆黒のスペシャルプリンセスサンデー	124/8	289/11	380/20	462/21	-	276/11	381/20	457/18	-
灼熱Beach Side Bunny	152/0	253/42	415/8	586/27	-	248/8	386/7	583/13	-
セツナトリップ	101/2	153/7	322/9	519/11	-	147/6	307/11	489/11	-
地方創生☆チクワクティクス	72/0	184/4	276/4	404/4	-	186/3	258/4	372/4	-
ちゅ～いん☆バニー	96/0	153/11	238/18	314/10	323/19(52)	136/8	242/15	305/10	322/17(52)
チョコレートスマイル	102/0	184/11	295/20	394/16	-	171/2	263/11	377/15	-
デッドボヲルdeホームラン	126/0	184/7	274/30	424/17	-	154/10	236/29	404/13	-
天空の華	108/4	169/9	344/10	595/5	-	170/9	341/8	566/4	-
ドーパミン	199/8	356/3	454/8	743/3	-	339/4	457/10	696/3	-
ドキドキ☆流星トラップガール!!	134/1	211/11	324/4	506/15	-	212/4	321/21	491/13	-
突撃!ガラスのニーソ姫!	172/16	238/37	348/32	477/18	-	234/32	332/32	441/21	-
轟け！恋のビーンボール！！	155/8	225/5	357/8	573/1	-	221/7	339/31	573/6	-
嘆きの樹	138/3	285/37	444/24	666/16	763/27	274/40	429/25	611/24	666/30
夏色DIARY -DDR mix-	107/10	208/14	389/9	563/7	-	205/26	377/6	544/5	-
爆なな☆てすとロイヤー	151/2	276/12	391/11	520/11	-	248/10	360/10	450/10	-
はなまるぴっぴはよいこだけ	82/6	173/8	226/2	299/1	-	172/8	225/2	297/2	-
パ→ピ→プ→Yeah!	69/0	95/11	294/10	358/11	-	128/6	199/11	376/5	-
バンブーソード・ガール	92/0	263/4	406/16	606/28	681/49	270/6	399/42	573/9	623/55
ビビットストリーム	153/7	228/20	348/43	464/18	-	247/16	350/43	447/24	-
星屑のキロク	100/7	208/24	291/44	355/46	-	206/16	289/72	354/48	-
ホメ猫☆センセーション	175/5	207/5	359/4	536/7	-	191/4	358/3	503/9	-
マインド・ゲーム	135/0	239/21	338/22	509/28	-	217/22	333/26	511/32	-
回レ！雪月花	90/0	146/8	212/14	317/12	351/20	86/5	207/8	304/7	327/13
ミライプリズム	91/8	155/10	232/21	294/29	-	155/11	234/21	331/19	-
滅亡天使 † にこきゅっぴん	179/1	213/11	298/12	409/10	-	226/5	313/12	414/5	-
野球の遊び方　そしてその歴史　～決定版～	144/2	202/14	276/17	432/16	-	200/9	295/13	438/17	-
ヤマトなでなで♡かぐや姫	102/2	182/20	236/17	321/20	427/51	170/18	229/24	323/17	420/53
ラクガキスト	213/0	324/2	383/2	562/2	710/2	309/2	377/6	556/7	687/2
海神	129/9	237/33	399/18	596/29	-	237/37	406/24	591/31	-
Adularia	135/4	186/18	290/14	427/20	-	186/18	279/13	390/11	-
ÆTHER	215/11	372/26	551/23	704/6	-	368/25	550/19	688/9	-
AWAKE	128/14	177/12	342/23	444/33	622/33	193/13	335/21	440/29	598/25
chaos eater	195/2	266/3	413/2	588/3	-	257/2	397/2	577/3	-
Cleopatrysm	179/5	245/9	345/15	557/17	-	249/8	333/11	543/9	-
Daily Lunch Special	161/5	253/35	362/44	547/44	-	239/37	363/48	544/46	-
Dance Partay	82/0	132/22	219/10	294/8	378/5	133/8	220/10	288/8	282/20
Destination	132/13	250/21	373/46	498/48	-	255/21	376/32	496/44	-
Din Don Dan	84/0	162/2	232/6	324/13	376/9	165/2	229/6	327/9	366/8
Dispersion Star	96/5	156/13	255/23	340/23	-	156/13	255/23	337/33	-
Do The Evolution	94/0	140/7	215/7	293/23	-	150/4	242/16	341/20	-
Dreamin'	75/0	104/3	175/15	260/17	377/8	170/1	205/12	263/1	335/2
EGOISM 440	261/1	289/2	428/5	620/10	811/6	294/2	419/4	583/6	804/1
Electronic or Treat!	129/4	235/31	383/26	506/21	-	219/16	372/16	492/25	-
Elysium	68/0	169/4	241/25	280/53	403/30	169/4	227/17	281/24	416/15
Engraved Mark	138/0	255/16	425/4	562/4	-	250/17	427/4	558/6	-
esrev:eR	108/3	170/15	269/23	408/26	-	163/12	263/22	361/13	-
Follow Tomorrow	112/1	155/19	276/6	387/4	-	166/17	260/11	404/10	-
FUJIMORI -祭- FESTIVAL	131/1	182/5	283/16	391/10	-	180/3	285/10	356/8	-
FUNKY SUMMER BEACH	105/11	186/11	307/7	457/7	-	191/11	303/6	443/17	-
Go↓Go↑Girls&Boys!	125/16	197/7	291/15	351/17	-	216/0	288/15	341/10	-
Habibe(Antuh muhleke)	102/0	136/12	291/0	389/0	-	191/23	277/20	386/11	-
HAPPY☆LUCKY☆YEAPPY	182/10	269/12	376/8	526/8	-	255/5	376/5	517/8	-
HEART BEAT FORMULA (Vinyl Mix)	98/14	239/27	301/24	387/8	-	239/27	284/25	393/10	-
HYENA	157/0	230/31	338/22	482/20	-	226/11	320/20	462/19	-
Idola	140/4	289/16	438/42	653/28	681/55	273/19	426/44	626/45	653/63
IMANOGUILTS	154/14	278/21	412/3	570/3	606/3	278/21	411/3	569/3	599/3
In The Breeze	59/0	124/6	226/6	303/7	-	127/4	223/8	306/5	-
JOMANDA	152/2	255/15	396/27	501/22	644/24	255/21	397/17	481/11	622/8
KHAMEN BREAK	149/9	250/16	423/17	638/15	-	241/16	416/11	593/17	-
LoveLove DokiDoki	94/0	263/3	377/6	485/28	-	268/1	367/5	497/24	-
MAX.(period)	94/0	343/5	394/3	573/3	601/15	256/3	347/3	510/3	540/4
M.A.Y.U.	116/0	189/10	246/3	420/8	-	182/5	245/3	413/6	-
MITOれて！いばらきっしゅだ～りん	113/0	211/8	295/14	423/13	-	216/7	292/14	425/11	-
neko*neko	72/8	144/9	283/16	397/18	450/1	115/10	273/11	365/15	415/18
Nostalgia Is Lost	127/6	240/15	386/20	599/31	-	245/23	371/34	596/27	-
One Sided Love	79/0	111/0	222/0	299/0	265/30(65)	149/1	258/14	356/19	249/26(65)
Over The “Period”	232/40	388/43	561/45	718/41	781/28	373/37	553/48	713/41	759/28
Party Lights (Tommie Sunshine's Brooklyn Fire Remix)	83/0	153/23	214/26	253/7	-	153/23	211/26	252/10	-
Plan 8	174/17	298/28	416/23	533/23	-	296/27	409/21	516/22	-
POSSESSION(EDP Live Mix)	139/17	298/38	445/61	604/21	-	292/51	431/59	588/14	-
PRANA+REVOLUTIONARY ADDICT (U1 DJ Mix)	205/1	343/14	489/5	743/8	-	332/9	459/25	686/8	-
PUNISHER	139/14	219/21	382/14	514/13	-	219/23	366/19	510/21	-
Remain	140/7	194/4	325/5	480/4	-	198/3	319/4	427/5	-
Romancing Layer	124/0	172/18	278/10	437/18	-	159/15	281/11	417/17	-
SABER WING (satellite silhouette remix)	89/4	135/8	255/6	371/18	508/6	174/23	223/13	373/19	444/23
Sakura Mirage	112/14	245/12	337/20	438/10	-	247/25	326/22	462/27	-
Samurai Shogun vs. Master Ninja	120/6	211/8	349/6	572/22	-	200/5	399/7	530/10	-
Sand Blow	136/11	234/12	395/10	527/29	-	233/3	399/7	532/24	-
Scarlet Moon	87/15	176/10	273/10	417/5	-	176/10	269/10	415/6	-
second spring storm	120/0	194/7	299/21	444/5	-	199/7	305/21	441/5	-
SPECIAL SUMMER CAMPAIGN!	100/0	203/7	312/17	513/25	-	181/5	289/24	484/16	-
Squeeze	136/1	194/17	272/22	477/11	-	198/18	289/13	473/14	-
Starlight Fantasia	132/8	245/31	355/30	477/33	-	240/33	350/30	458/40	-
Starlight Fantasia (Endorphins Mix)	154/9	260/28	395/15	618/14	-	260/22	398/14	576/14	-
starmine	125/0	219/18	338/15	495/24	-	222/19	330/27	495/5	-
Stella Sinistra	157/2	213/19	344/16	443/20	-	208/4	362/15	417/15	-
Struggle	171/0	225/4	352/4	510/4	-	197/7	347/4	480/4	-
Summer fantasy (Darwin remix)	87/0	191/9	259/20	348/21	208/16(83)	188/8	263/13	344/16	200/21(92)
SUPER HERO	99/2	129/4	218/4	283/2	-	157/11	229/11	291/16	-
Thank You Merry Christmas	120/5	193/16	286/32	429/41	-	199/17	274/16	417/20	-
The Lonely Streets	54/0	89/0	165/1	227/1	284/15	115/5	187/4	240/14	224/25
Truare!	163/4	262/5	394/5	549/5	-	257/7	390/5	549/5	-
True Blue	133/5	224/31	380/9	604/10	-	219/15	377/9	597/9	-
TSUBASA	137/2	185/5	302/11	454/10	-	183/6	277/6	437/4	-
VEGA	129/1	296/17	459/22	605/28	-	283/17	418/49	576/21	-
8000000	113/0	216/3	353/1	528/1	-	263/16	403/10	504/34	-
IX	217/16	355/29	521/33	753/25	753/49	342/23	510/26	700/22	700/52
愛言葉	122/12	194/12	250/9	359/11	-	194/10	255/10	375/13	-
天ノ弱	110/0	194/4	299/7	426/5	-	199/6	292/6	434/5	-
ありふれたせかいせいふく	126/6	198/6	281/13	423/9	-	197/6	283/12	405/9	-
色は匂へど散りぬるを	116/13	202/4	277/8	329/24	-	202/3	277/8	341/18	-
いーあるふぁんくらぶ	73/5	140/5	237/22	350/29	-	158/11	234/10	320/47	-
イーディーエム・ジャンパーズ	70/11	142/24	248/25	336/47	-	132/23	239/22	326/45	-
エイリアンエイリアン	139/7	209/14	354/30	484/35	-	209/2	352/28	480/33	-
エキサイティング!!も・ちゃ・ちゃ☆	152/19	245/18	325/14	425/10	-	249/18	345/18	427/13	-
おねがいダーリン	67/4	126/6	306/8	435/17	-	121/5	296/10	427/18	-
朧	106/0	198/25	280/39	379/44	450/12	209/15	289/38	400/43	474/16
朧 (dj TAKA Remix)	126/14	176/18	275/18	405/20	-	229/14	284/19	398/23	-
きゅん×きゅんばっきゅん☆LOVE	128/1	187/1	362/2	436/4	-	194/1	377/4	474/2	-
倉野川音頭	122/5	169/15	217/6	330/2	-	166/9	215/8	330/2	-
黒髪乱れし修羅となりて～凛 edition～	111/4	211/32	374/13	566/5	-	217/20	364/13	555/2	-
君氏危うくも近うよれ	104/1	157/1	269/9	360/7	-	167/2	270/5	353/9	-
恋時雨	89/16	183/16	287/17	407/11	-	182/16	286/19	391/13	-
恋する☆宇宙戦争っ!!	163/16	315/22	493/23	652/26	739/25	310/21	491/27	632/41	720/26
恋のパズルマジック	115/4	150/12	231/3	302/2	-	151/12	239/3	290/9	-
この青空の下で	113/0	196/11	317/3	407/4	-	222/0	293/6	413/3	-
さよならトリップ ～夏陽 EDM edition～	100/17	124/25	231/31	313/19	-	149/22	255/20	311/10	-
幸せになれる隠しコマンドがあるらしい	131/4	248/5	319/4	491/5	-	238/12	339/23	492/12	-
しゃかりきリレーション	110/0	185/9	325/19	400/13	-	181/11	325/16	400/13	-
十二星座の聖域	102/2	202/18	327/19	448/21	-	197/18	321/16	429/20	-
シュレーディンガーの猫	162/9	265/27	411/13	591/10	788/7	258/21	401/15	568/12	742/7
春風ブローインウィンド	135/0	228/21	338/32	573/33	-	228/16	332/24	532/35	-
すろぉもぉしょん	130/8	218/11	301/22	363/13	-	210/11	277/23	345/11	-
星座が恋した瞬間を。	107/0	272/3	342/5	462/13	-	231/2	331/5	421/16	-
千年ノ理	123/12	201/17	306/12	406/10	-	171/23	284/8	409/8	-
宇宙(ソラ)への片道切符	81/2	158/3	232/19	317/21	-	157/3	230/19	296/21	-
闘え！ダダンダーンV	111/0	210/18	317/40	436/19	-	209/18	317/31	436/20	-
打打打打打打打打打打	86/0	169/9	342/15	448/25	618/16	169/10	347/12	449/24	589/15
チルノのパーフェクトさんすう教室	109/35	209/29	309/60	409/30	609/20	209/29	309/60	409/30	609/20
チルノのパーフェクトさんすう教室(EDM REMIX)	62/0	138/1	300/6	513/7	-	155/1	291/14	494/7	-
ナイト・オブ・ナイツ	78/0	210/0	400/2	603/10	712/11	262/1	331/2	563/8	712/7
脳漿炸裂ガール	170/20	270/26	398/34	507/31	645/13	291/22	400/23	501/32	627/15
初音ミクの消失	97/9	294/10	394/12	533/10	729/12	382/2	528/10	604/11	721/11
ハッピーシンセサイザ	91/2	127/3	226/6	344/4	-	126/5	221/5	328/4	-
ハピ恋☆らぶりぃタイム!!	109/1	164/12	259/9	361/7	-	168/10	259/7	363/6	-
ハルイチバン	109/20	165/23	224/25	356/44	-	173/19	223/25	350/44	-
*ハロー、プラネット。	110/13	202/24	305/20	435/46	-	218/24	304/18	410/19	-
向日葵サンセット	99/16	129/28	239/24	339/18	-	129/28	239/24	339/14	-
風鈴花火	88/0	192/9	256/8	337/23	-	201/6	248/5	323/10	-
無頼ック自己ライザー	77/0	162/7	297/8	475/17	567/11	167/7	293/8	473/16	553/13
プレインエイジア -PHQ remix-	171/15	256/8	366/25	482/9	-	256/10	364/25	494/10	-
ベィスドロップ・フリークス	136/7	204/22	317/4	455/20	-	209/13	325/8	466/23	-
放課後ストライド	89/15	180/5	400/19	617/9	-	175/8	387/7	579/8	-
魔法のたまご ～心菜 ELECTRO POP edition～	94/0	113/0	223/2	327/1	-	175/3	234/3	320/3	-
魔理沙は大変なものを盗んでいきました	141/0	238/2	358/9	513/0	-	218/2	349/1	474/10	-
妄想税	114/16	203/6	315/13	367/21	-	203/6	307/9	433/3	-
ようこそジャパリパークへ	109/9	162/6	282/20	424/12	333/6	165/2	280/22	402/16	217/6
ルミナスデイズ	123/0	171/21	306/30	398/18	-	167/19	306/25	387/24	-
恋愛観測	133/6	264/4	337/17	434/12	-	245/3	339/17	413/21	-
ロールプレイングゲーム	117/10	192/10	350/21	527/14	-	206/7	350/26	525/11	-
六兆年と一夜物語	75/0	161/9	303/2	398/9	582/46	170/9	278/10	379/10	528/47
炉心融解	92/14	184/21	285/17	408/3	-	194/21	287/14	406/3	-
ロストワンの号哭	147/0	262/0	372/0	515/0	677/61	267/1	366/0	517/0	650/119
ロンロンへ ライライライ!	144/7	205/12	311/24	390/16	-	202/12	292/8	372/15	-
ACE FOR ACES	116/7	311/19	467/19	658/14	786/16	313/21	425/25	639/25	765/16
ALGORITHM	160/6	201/9	319/5	423/16	-	197/9	318/5	407/16	-
ALL MY HEART -この恋に、わたしの全てを賭ける-	113/1	173/1	278/3	391/6	-	189/1	272/4	391/6	-
Angelic Jelly	123/7	219/20	402/8	531/2	-	256/14	349/9	523/4	-
ANNIVERSARY ∴∵∴ ←↓↑→	144/16	278/12	429/21	654/16	-	266/13	419/20	643/14	-
Astrogazer	120/1	219/0	362/0	586/8	712/38	215/0	346/0	538/8	699/20
Bad Apple!! feat. nomico	104/24	185/15	289/49	399/40	-	184/15	280/47	396/40	-
bass 2 bass	59/0	131/0	265/1	373/1	-	163/0	270/1	373/1	-
Be a Hero!	261/35	375/22	562/18	754/52	-	369/21	565/16	742/52	-
Believe	92/6	141/8	233/5	320/14	-	148/7	233/5	319/15	-
Boss Rush	143/0	352/7	545/23	721/15	-	341/7	535/14	671/11	-
Break Free	122/2	178/14	264/36	334/2	-	163/0	251/12	322/22	-
Catch Our Fire!	191/27	357/24	504/23	683/56	-	351/17	497/18	651/55	-
CHAOS Terror-Tech Mix	123/13	238/19	401/16	545/9	647/25	233/16	373/14	520/8	640/25
CHOCOLATE PHILOSOPHY	71/10	114/18	184/25	283/17	400/20	116/25	184/25	283/16	401/8
Chronos (walk with you remix)	121/17	251/24	390/7	553/8	-	248/22	382/10	547/6	-
Come to Life	144/8	263/8	415/30	611/31	730/70	260/8	409/9	611/11	686/54
Cosy Catastrophe	188/4	300/9	422/13	550/9	686/14	298/9	406/12	537/9	638/11
Cytokinesis	109/12	180/15	305/8	481/7	-	178/15	309/8	468/7	-
DANCE ALL NIGHT (DDR EDITION)	72/0	166/6	256/12	301/22	-	168/6	256/12	293/22	-
Dancer in the flare	86/1	146/7	239/5	358/3	-	144/5	254/1	343/8	-
DDR MEGAMIX	185/0	322/2	441/3	609/3	731/38	329/2	441/1	582/2	714/24
Determination	90/0	156/18	221/38	370/28	-	177/14	222/32	393/8	-
DREAMING-ING!!	89/6	205/8	305/5	392/4	-	202/2	308/4	386/4	-
Electric Dance System Music	96/2	169/3	295/14	506/2	-	171/3	302/13	476/2	-
Emera	87/6	161/13	305/17	515/15	563/54	190/13	303/17	512/15	554/52
ENDYMION	276/14	473/15	591/21	783/22	925/28	468/14	580/18	741/26	900/30
Eternal Summer	134/6	248/26	360/10	476/21	-	253/10	356/5	468/27	-
Far east nightbird	95/0	225/5	327/8	453/7	-	206/4	329/9	452/4	-
Far east nightbird kors k Remix -DDR edit ver-	77/1	213/17	312/11	393/11	-	220/13	309/14	396/18	-
First Time	86/3	173/10	303/8	440/8	554/11	171/10	296/7	438/8	552/10
Fly far bounce	96/2	162/3	236/3	385/6	-	162/7	235/3	387/9	-
Grand Chariot	94/18	216/18	383/17	518/13	-	213/25	373/18	518/12	-
Grip & Break down !!	141/0	205/2	351/4	470/3	-	212/1	364/1	442/1	-
Ha・lle・lu・jah	69/0	167/3	261/5	349/5	-	147/8	250/8	343/7	-
HANDS UP IN THE AIR	62/0	138/0	243/2	360/2	-	131/0	248/2	356/2	-
Happy	76/17	129/15	225/67	342/14	-	175/12	219/2	342/12	-
Help me, ERINNNNNN!!	107/8	177/6	276/3	349/2	-	185/6	272/2	341/2	-
High School Love	121/15	187/25	330/26	470/21	-	182/24	330/24	467/13	-
Hillbilly Shoes	87/0	118/1	214/3	376/7	-	128/2	215/2	352/8	-
Hopeful	89/5	177/8	248/8	354/14	-	170/17	290/20	421/10	-
I Want You To Know	99/11	147/18	217/12	331/16	-	148/18	217/12	331/17	-
Illegal Function Call	136/3	361/3	477/6	699/12	-	348/9	472/9	666/7	-
IN BETWEEN	129/10	192/20	314/36	459/12	-	196/20	315/35	456/10	-
invisible rain	67/8	107/8	180/9	264/10	-	106/7	172/9	265/10	-
Ishtar	82/5	153/14	306/25	399/23	481/58(56)	159/14	305/25	390/23	489/63(71)
Jewelry days	109/13	204/11	273/10	341/21	-	202/15	270/9	336/19	-
Life is beautiful	155/21	279/22	430/13	616/37	-	262/14	432/11	555/32	-
Love♡Shine わんだふるmix	124/0	181/15	284/19	331/22	441/25	180/21	281/14	338/16	450/23
Love You More	132/0	308/4	472/6	622/17	-	294/1	436/6	595/14	-
MAKE A JAM!	63/0	155/0	193/0	240/0	-	155/0	200/0	296/0	-
MAX 360	312/6	506/8	680/4	888/7	1000/10	489/5	631/3	823/3	948/9
More One Night	94/4	137/20	193/21	275/24	310/15	138/17	194/26	284/17	326/10
Neutrino	122/4	200/11	325/23	499/24	570/21	196/12	325/23	497/23	565/21
New Century	126/7	287/25	442/43	629/28	669/61(19)	251/27	439/40	570/35	566/59(45)
#OurMemories	123/6	207/38	287/30	382/23	350/1	215/19	291/14	398/11	336/1
out of focus	71/0	137/21	272/19	389/34	572/4	134/21	270/19	379/36	562/2
Poochie	127/5	268/11	412/22	627/32	-	266/11	407/22	602/35	-
POSSESSION (20th Anniversary Mix)	232/6	431/11	543/24	647/19	704/12(55)	430/22	568/10	647/13	751/8(132)
Prey	135/0	332/13	481/11	633/10	435/46	334/12	462/17	575/18	413/19
Puberty Dysthymia	101/2	201/9	420/88	613/65	-	237/23	400/55	545/36	-
Pursuer	90/0	181/10	392/17	543/19	-	183/11	400/16	528/21	-
Reach The Sky, Without you	207/14	323/18	461/21	607/28	-	315/14	442/28	587/27	-
Rejoin	84/0	229/25	338/39	434/30	-	229/25	343/32	446/27	-
RISING FIRE HAWK	133/1	229/5	402/5	577/8	664/11	225/8	400/5	548/11	660/5
Sakura Reflection	106/0	272/4	307/8	479/3	-	217/0	275/4	454/4	-
Sephirot	112/9	195/17	346/9	466/3	-	178/13	326/6	442/8	-
SHION	152/1	262/2	384/3	507/8	-	268/7	410/3	483/11	-
Show me your moves	137/17	215/36	314/46	384/58	521/34	212/22	311/40	380/47	493/53
Shut Up and Dance	94/2	144/9	201/7	270/2	-	139/6	205/15	272/2	-
siberite	76/0	182/3	348/3	463/4	-	181/2	343/3	459/3	-
S!ck	138/5	231/38	372/33	648/58	-	220/37	352/31	618/66	-
Smiling Passion	73/0	222/4	299/12	376/15	-	213/3	291/9	371/11	-
Special One	77/1	131/8	176/6	261/2	-	127/8	177/5	252/7	-
Star Trail	67/9	158/19	285/13	462/19	-	157/17	253/14	451/18	-
Start a New Day	109/11	219/11	347/38	521/9	578/6	221/11	347/38	517/10	582/6
STERLING SILVER	144/2	236/3	338/20	486/6	-	224/3	344/14	476/17	-
STERLING SILVER (U1 overground mix)	102/1	236/6	348/6	508/10	-	225/9	352/8	508/10	-
Strawberry Chu♡Chu♡	121/17	200/47	316/18	405/13	-	200/43	312/18	394/13	-
StrayedCatz	131/6	182/14	336/11	451/12	-	181/17	322/10	431/14	-
SUN² SUMMER STEP!	59/0	94/22	235/29	351/33	-	92/22	224/29	340/32	-
SUPER SUMMER SALE	92/0	305/7	472/19	616/14	-	303/13	442/12	618/13	-
TECH-NOID	91/0	166/13	277/12	377/15	-	162/13	274/12	378/16	-
The Night Away (MK Remix)	78/5	165/4	268/22	383/20	-	153/4	267/22	374/20	-
Time Of Our Lives	63/6	127/11	207/7	293/10	-	124/9	208/10	286/8	-
Towards the TOWER	107/5	173/7	246/6	362/6	-	171/7	249/6	363/6	-
Triple Counter	281/11	375/11	533/32	718/23	-	297/12	531/24	695/11	-
Twin memories W	108/10	181/25	273/18	379/25	-	181/25	273/21	367/25	-
Vanquish The Ghost	108/6	246/24	360/29	525/25	-	243/21	360/17	516/18	-
Wake Me Up	104/7	152/4	285/2	356/32	-	173/7	281/2	345/19	-
Yeah! Yeah!	114/1	169/11	218/12	302/14	-	176/8	223/14	314/18	-
ZEPHYRANTHES	139/4	255/23	422/22	592/22	-	252/23	426/25	565/26	-
39	93/8	139/26	239/10	339/9	-	139/25	239/10	339/6	-
Lesson by DJ	44/1	-	-	-	-	-	-	-	-
Splash Gold	207/17	352/13	448/36	639/79	-	350/13	446/36	628/45	-
Last Card	147/4	272/5	480/5	678/6	-	271/5	478/8	675/5	-
DDR A20 PLUS フォルダ
蒼が消えるとき	127/5	215/22	323/19	408/24	-	216/22	320/19	407/23	-
アリスサイド・キャスリング	57/4	108/14	194/24	261/23	-	108/16	194/24	261/23	-
御伽噺に幕切れを	144/4	253/11	333/26	428/26	-	255/11	332/26	428/24	-
狂水一華	124/13	230/13	342/16	462/19	-	234/11	330/16	460/19	-
逆さま♥シンデレラパレード	85/10	174/9	277/18	413/19	-	172/9	287/19	407/21	-
至上のラトゥーリア	96/6	159/12	277/18	376/23	-	155/12	273/17	373/20	-
追憶のアリア	69/7	108/9	210/16	303/17	-	108/9	210/16	290/17	-
東京神話	134/9	296/7	504/13	696/15	-	284/7	489/13	659/13	-
ノルエピネフリン	120/20	223/23	375/22	562/28	-	221/23	361/22	552/28	-
花は折りたし梢は高し	77/8	151/6	254/30	358/13	-	149/6	265/23	335/16	-
叛逆のディスパレート	84/6	176/19	346/14	447/22	-	180/19	346/14	417/22	-
Bang Pad(Werk Mix)	113/4	184/41	329/17	512/10	-	184/41	319/19	513/14	-
City Never Sleeps	120/9	240/9	383/14	549/18	-	224/8	373/15	538/18	-
Crazy Hot	110/13	230/13	337/24	450/28	-	230/14	337/24	442/28	-
DANCERUSH STARDOM ANTHEM	70/10	122/18	240/48	355/10	-	122/18	237/47	343/12	-
DEADLOCK -Out Of Reach-	161/5	313/15	509/39	666/24	-	299/15	509/39	666/28	-
DeStRuCtIvE FoRcE	79/0	170/7	265/12	416/17	-	169/9	275/12	401/17	-
DIGITALIZER	136/12	249/21	398/17	613/20	-	249/21	394/17	612/20	-
Draw the Savage	104/8	184/21	276/27	449/26	-	191/13	277/31	429/27	-
Feidie	79/9	217/5	261/10	324/12	-	217/5	261/10	321/12	-
GHOST KINGDOM	94/9	167/16	253/16	356/14	-	157/15	248/12	331/14	-
GUILTY DIAMONDS	113/10	276/16	358/26	472/32	-	274/16	358/26	475/32	-
HARD BRAIN	142/7	253/21	385/30	635/30	-	256/21	386/30	644/26	-
Hyper Bomb	115/3	198/19	326/17	455/21	-	193/20	311/20	451/19	-
HYPERDRIVE	126/7	223/12	285/12	395/11	-	223/12	285/12	389/11	-
HyperTwist	162/5	278/13	391/12	562/11	727/23	282/13	382/12	561/11	647/15
In the past	118/4	219/12	379/17	490/13	-	208/12	380/17	477/14	-
I Want To Do This Keep	109/17	191/16	355/14	462/33	-	190/16	362/14	459/33	-
Jetcoaster Windy	118/3	247/7	427/13	605/7	-	242/7	429/12	554/3	-
Last Twilight	156/22	311/30	496/30	650/30	-	311/30	496/30	651/28	-
Midnight Amaretto	106/3	193/8	262/18	424/15	-	193/10	257/24	383/13	-
MUTEKI BUFFALO	132/5	248/4	362/7	489/3	-	239/4	350/7	482/3	-
No Life Queen [DJ Command Remix]	124/2	270/8	435/4	609/21	-	268/8	432/4	599/15	-
Our Love	160/5	309/30	503/36	662/39	-	310/30	498/36	655/36	-
PANIC HOLIC	133/0	290/10	448/15	590/16	-	284/10	443/13	581/16	-
Riot of Color	114/5	205/3	342/23	501/36	-	190/4	337/24	501/29	-
ROOM	87/7	187/9	255/15	367/24	-	189/9	253/16	372/25	-
Sparkle Smilin'	130/3	235/12	379/23	580/16	-	235/12	380/17	571/14	-
STEP MACHINE	132/12	214/29	379/20	487/12	-	214/21	379/20	480/13	-
take me higher	126/0	216/2	307/15	416/12	-	211/2	305/15	403/9	-
Together Going My Way	78/5	139/9	243/42	340/25	-	139/8	240/42	346/27	-
適正レベル測定
LET'S CHECK YOUR LEVEL!	126/4	-	-	-	-	-	-	-	-
DanceDanceRevolution A20 ▼▲
おーまい！らぶりー！すうぃーてぃ！だーりん！	115/9	228/21	366/22	578/15	-	245/7	365/20	557/7	-
革命パッショネイト	98/12	200/9	353/18	482/14	-	185/10	338/19	480/17	-
腐れ外道とチョコレゐト	99/3	246/26	436/13	603/25	690/33	244/26	432/14	603/36	692/33
最終鬼畜妹フランドール・Ｓ	175/26	405/20	577/50	737/36	-	405/20	562/50	722/30	-
最小三倍完全数	120/0	270/6	496/6	672/6	-	281/7	433/3	659/3	-
スイーツはとまらない♪	80/6	153/5	297/8	466/13	-	134/25	286/22	441/11	-
すきなことだけでいいです	84/5	176/4	248/8	390/12	-	165/5	267/20	363/16	-
タイガーランペイジ	84/5	133/12	206/17	350/35	639/13	132/12	208/16	358/29	638/13
どきドキ バレンタイン	143/10	230/34	325/47	442/50	-	232/34	323/47	442/49	-
毒占欲	81/2	159/12	234/15	309/26	-	163/10	235/15	307/26	-
ナイト・オブ・ナイツ (Ryu☆Remix)	204/4	327/16	578/9	782/8	-	339/16	579/5	758/8	-
熱情のサパデアード	111/9	181/20	295/20	400/40	-	174/15	295/17	407/39	-
び	170/14	318/22	500/16	743/16	816/45	318/22	500/16	737/16	802/14
ヒカリユリイカ	77/5	164/11	261/35	358/20	-	157/12	259/36	352/20	-
ベビーステップ	143/0	255/3	297/35	422/31	-	256/3	297/36	419/29	-
ホーンテッド★メイドランチ	112/22	217/20	335/15	524/5	666/5	211/15	349/11	520/5	666/5
星屑の夜果て	174/11	309/27	491/30	589/41	-	302/26	486/28	584/31	-
未完成ノ蒸氣驅動乙女 (DDR Edition)	138/13	278/52	468/34	706/48	-	279/52	465/34	651/30	-
ミッドナイト☆WAR	114/3	240/10	393/18	496/20	-	237/10	386/18	495/20	-
未来（ダ）FUTURE	77/10	245/5	298/15	495/27	-	255/6	281/15	489/20	-
妄想感傷代償連盟	68/5	101/2	159/24	291/18	-	91/4	184/18	279/19	-
ライアーダンス	123/13	208/1	307/15	431/21	-	187/9	324/15	427/6	-
ラブキラ☆スプラッシュ	110/13	239/30	335/25	453/39	-	232/28	332/23	440/26	-
ランカーキラーガール	160/5	247/9	425/26	611/23	-	238/9	423/28	591/26	-
令和	117/8	152/25	210/11	287/37	-	132/12	204/13	288/38	-
Ace out	104/4	201/5	294/7	442/11	-	198/4	298/10	437/7	-
Afterimage d'automne	104/12	201/16	310/30	455/22	-	217/20	313/25	442/13	-
Alone	81/8	171/3	265/3	366/3	-	169/9	267/3	356/5	-
ALPACORE	123/3	239/7	353/7	566/10	-	248/9	361/2	554/8	-
Avenger	132/12	297/20	534/2	749/27	-	299/3	504/1	614/1	-
BLACK JACKAL	107/6	248/12	376/11	502/22	-	246/12	376/11	500/19	-
BLSTR	125/12	289/19	399/24	587/36	-	278/10	394/24	585/38	-
Bounce Trippy	157/1	266/9	375/14	565/14	-	250/8	348/20	491/18	-
BUTTERFLY (20th Anniversary Mix)	148/0	249/6	346/14	445/20	-	251/4	314/10	468/26	-
CARTOON HEROES (20th Anniversary Mix)	136/3	284/5	415/13	546/8	-	279/3	393/3	525/2	-
Clarity	66/0	137/24	182/21	214/24	-	137/24	184/23	214/24	-
Crazy Shuffle	100/6	138/26	319/45	417/23	-	191/24	319/45	416/25	-
CROSS	59/13	156/21	319/11	447/23	-	177/13	301/16	430/21	-
CyberConnect	113/5	221/17	339/36	500/36	-	202/20	337/37	495/37	-
Dead Heat	108/3	201/9	274/11	366/22	-	185/14	260/9	358/7	-
DIGITAL LUV	90/8	154/7	279/13	388/26	-	157/9	270/13	374/23	-
District of the Shadows	111/2	228/1	379/5	547/10	-	221/3	401/2	521/3	-
DOWNER & UPPER	114/2	171/3	261/11	381/36	190/45(58)	171/3	261/2	347/16	190/44(58)
Drop The Bounce	139/4	271/8	359/10	497/17	-	275/8	357/10	518/14	-
ENDLESS	99/8	223/6	315/6	472/14	-	214/3	297/5	444/13	-
F4SH10N	81/7	183/9	315/7	408/23	-	181/6	298/6	408/23	-
Firestorm	129/5	248/8	396/11	492/36	431/8(122)	247/10	385/8	489/30	442/7(144)
Get On Da Floor	72/5	170/9	239/27	336/21	-	154/5	245/31	310/18	-
Give Me	125/3	228/9	362/7	565/4	-	233/9	359/6	558/5	-
Glitch Angel	131/21	215/28	365/15	553/43	-	215/28	357/16	530/46	-
Golden Arrow	111/8	221/19	419/16	567/35	-	217/19	416/17	549/33	-
HAVE YOU NEVER BEEN MELLOW (20th Anniversary Mix)	90/8	132/4	244/18	330/21	-	148/3	246/8	310/15	-
Helios	143/7	258/32	414/26	587/47	-	258/36	407/18	577/41	-
Hunny Bunny	87/6	158/6	324/14	490/5	-	158/6	304/14	467/5	-
I Love You	163/14	307/18	498/25	673/19	-	299/18	485/24	658/19	-
I'm an Albatraoz	59/0	116/9	206/8	310/13	-	114/9	205/8	295/17	-
IRON HEART	98/0	204/5	263/1	404/1	-	199/6	264/1	383/2	-
Lachryma《Re:Queen’M》	134/26	269/25	506/42	869/18	950/13	277/27	495/39	846/12	905/12
LEVEL UP	119/7	242/12	298/9	394/16	-	243/12	293/7	394/16	-
LONG TRAIN RUNNIN' (20th Anniversary Mix)	92/4	167/2	222/3	331/8	-	161/4	235/2	327/11	-
Mythomane	91/0	171/4	277/6	416/8	-	157/4	269/6	376/6	-
Neverland	137/18	242/22	382/29	503/21	-	240/17	380/20	490/20	-
New Era	183/5	339/16	542/7	674/18	-	317/12	553/7	662/7	-
New Rules	71/4	119/8	163/10	260/8	-	120/8	163/10	256/10	-
No Tears Left to Cry	60/2	127/6	173/11	241/36	-	134/6	175/11	239/36	-
ORCA	177/5	238/17	428/8	675/5	-	233/14	448/14	681/6	-
Our Soul	124/1	211/13	256/16	318/18	471/15	211/13	256/16	318/18	472/14
ΩVERSOUL	132/10	216/13	387/19	507/25	656/11	207/13	386/13	498/23	641/11
Party Rock Anthem	68/7	155/11	203/34	295/19	-	160/10	194/29	295/20	-
Play Hard	85/5	180/2	298/12	380/7	-	173/15	311/6	355/11	-
Procyon	76/1	199/9	283/19	471/6	-	197/10	283/17	478/4	-
Rampage Hero	124/6	264/7	381/12	542/19	-	256/4	377/10	552/19	-
Re:GENERATION	133/18	230/23	382/26	571/23	-	227/22	386/28	552/23	-
Right Time Right Way	128/7	244/14	371/21	500/25	-	242/14	370/21	506/17	-
Seta Para Cima↑↑	103/1	167/2	314/7	420/6	-	159/4	300/9	399/10	-
Silly Love	140/11	264/23	387/20	529/43	-	263/11	383/20	528/42	-
Six String Proof	78/9	184/8	327/15	441/17	-	183/6	301/8	407/8	-
SKY HIGH (20th Anniversary Mix)	82/4	152/9	212/7	311/8	-	177/2	220/26	304/9	-
Skywalking	146/9	260/16	406/11	554/24	-	260/19	404/8	552/24	-
Small Steps	32/6	103/3	134/38	188/7	-	103/3	134/44	194/3	-
SODA GALAXY	100/7	200/14	300/20	400/18	-	200/28	300/13	400/18	-
Something Just Like This (Alesso Remix)	81/0	136/5	205/6	311/9	-	139/4	207/6	308/5	-
Starlight in the Snow	103/11	197/22	308/26	453/29	-	170/17	298/28	417/30	-
Starry Sky	115/10	201/24	283/26	367/23	-	201/21	283/20	367/15	-
Stay 4 Ever	85/1	166/7	235/6	289/17	-	166/7	235/6	289/17	-
SWEET HOME PARTY	102/5	176/7	314/12	449/14	-	180/9	325/13	446/10	-
The History of the Future	149/7	254/12	459/17	652/2	-	247/11	448/21	631/2	-
The Light	86/17	134/24	249/14	335/28	-	132/25	237/17	320/34	-
The World Ends Now	158/4	313/18	441/13	625/14	-	317/18	442/13	619/14	-
This Beat Is.....	73/5	136/2	189/7	287/10	-	132/6	193/7	269/14	-
Toy Box Factory	103/7	219/12	343/14	500/10	-	209/15	336/16	478/7	-
toy boxer	113/4	263/6	365/7	573/8	-	271/2	375/5	573/8	-
Trill auf G	154/0	280/20	417/17	666/17	-	274/23	398/16	658/17	-
Une mage blanche	122/13	243/27	315/34	468/48	-	243/27	316/34	456/48	-
voltississimo	165/12	318/27	462/28	621/33	-	319/26	466/28	610/33	-
Waiting	120/0	203/3	301/9	401/5	-	204/8	290/5	376/6	-
50th Memorial Songs -Beginning Story-	112/0	228/15	380/13	537/18	-	225/4	377/11	511/10	-
50th Memorial Songs -Flagship medley-	92/1	233/13	317/23	384/13	-	242/11	321/23	387/13	-
50th Memorial Songs -The BEMANI History-	86/12	181/18	291/10	368/20	-	175/6	291/10	361/19	-
50th Memorial Songs -二人の時 ～under the cherry blossoms～-	107/13	247/17	306/4	444/11	-	245/17	300/4	444/12	-
